dni,nombreApellido
34567893,Ava Garcia
45678904,Noah Hernandez
56789015,Olivia Adams
67890126,Liam Wilson
78901237,Emma Thompson
89012348,Lucas Davis
90123459,Isabella Smith
01234560,James Anderson
12345671,Sophia Martin
23456782,Benjamin Johnson
34567894,Oliver Garcia
45678905,Sophia Hernandez
56789016,Liam Adams
67890127,Ava Wilson
78901238,Noah Thompson
89012349,Emma Davis
90123450,Lucas Smith
01234561,Isabella Anderson
12345672,Ethan Martin
23456783,Mia Johnson
34567895,Elijah Garcia
45678906,Avery Hernandez
56789017,Charlotte Adams
67890128,Logan Wilson
78901239,Harper Thompson
89012340,James Davis
90123451,Abigail Smith
01234562,Michael Anderson
12345673,Emily Martin
23456784,Aiden Johnson
34567896,Sofia Garcia
45678907,Sebastian Hernandez
56789018,Scarlett Adams
67890129,Elijah Wilson
78901230,Chloe Thompson
89012341,Liam Davis
90123452,Grace Smith
01234563,Oliver Anderson
12345674,Aria Martin
23456785,Alexander Johnson
34567897,Victoria Garcia
45678908,Ethan Hernandez
56789019,Zoe Adams
67890130,Aiden Wilson
78901231,Nora Thompson
89012342,Lucas Davis
90123453,Ava Smith
01234564,Matthew Anderson
12345675,Evelyn Martin
23456786,Daniel Johnson
34567898,Mila Garcia
45678909,Lucas Hernandez
56789020,Hannah Adams
67890131,Jack Wilson
78901232,Avery Thompson
89012343,Noah Davis
90123454,Audrey Smith
01234565,Dylan Anderson
12345676,Bella Martin
23456787,Nathan Johnson
34567899,Alexa Garcia
45678910,Evelyn Hernandez
56789021,Aaron Adams
67890132,Aria Wilson
78901233,Samuel Thompson
89012344,Scarlett Davis
90123455,David Smith
01234566,Sophie Anderson
12345677,Christopher Martin
23456788,Leah Johnson
34567900,Samantha Garcia
45678911,Daniel Hernandez
56789022,Lincoln Adams
67890133,Grace Wilson
78901234,Isaac Thompson
89012345,Ellie Davis
90123456,Joseph Smith
01234567,Elizabeth Anderson
12345678,Jonathan Martin
23456789,Mila Johnson
34567901,Henry Garcia
45678912,Lily Hernandez
56789023,Landon Adams
67890134,Audrey Wilson
78901235,Andrew Thompson
89012346,Clara Davis
90123457,Carter Smith
01234568,Addison Anderson
12345679,Joshua Martin
23456790,Liam Johnson
34567902,Grace Garcia
45678913,Aiden Hernandez
56789024,Hazel Adams
67890135,Ethan Wilson
78901236,Audrey Thompson
89012347,Levi Davis
90123458,Amelia Smith
01234569,Lucas Anderson
12345680,Grace Martin
23456791,Aria Johnson
34567903,Oliver Garcia
45678914,Avery Hernandez
56789025,Lincoln Adams
67890136,Hannah Wilson
78901237,Logan Thompson
89012348,Sophia Davis
90123459,Noah Smith
01234570,Chloe Anderson
12345681,Liam Martin
23456792,Ella Johnson
34567904,William Garcia
45678915,Zoe Hernandez
56789026,Landon Adams
67890137,Mia Wilson
78901238,Luke Thompson
89012349,Evelyn Davis
90123460,James Smith
01234571,Charlotte Anderson
12345682,Elijah Martin
23456793,Emma Johnson
34567905,Olivia Garcia
45678916,Lucas Hernandez
56789027,Victoria Adams
67890138,Logan Wilson
78901239,Emma Thompson
89012350,Aiden Davis
90123461,Harper Smith
01234572,Michael Anderson
12345683,Sophia Martin
23456794,Liam Johnson
34567906,Alexander Garcia
45678917,Ava Hernandez
56789028,Hudson Adams
67890139,Audrey Wilson
78901240,Benjamin Thompson
89012351,Avery Davis
90123462,Emily Smith
01234573,William Anderson
12345684,Grace Martin
23456795,Noah Johnson
34567907,Emily Garcia
45678918,Ethan Hernandez
56789029,Scarlett Adams
67890140,Caleb Wilson
78901241,Oliver Thompson
89012352,Ella Davis
90123463,Matthew Smith
01234574,Abigail Anderson
12345685,Daniel Martin
23456796,Elizabeth Johnson
34567908,William Garcia
45678919,Zoe Hernandez
56789030,Landon Adams
67890141,Mia Wilson
78901242,Luke Thompson
89012353,Evelyn Davis
90123464,James Smith
01234575,Charlotte Anderson
12345686,Elijah Martin
23456797,Emma Johnson
34567909,Aria Garcia
45678920,Avery Hernandez
56789031,Lincoln Adams
67890142,Hannah Wilson
78901243,Logan Thompson
89012354,Sophia Davis
90123465,Noah Smith
01234576,Chloe Anderson
12345687,Liam Martin
23456798,Ella Johnson
34567910,Oliver Garcia
45678921,Aiden Hernandez
56789032,Hazel Adams
67890143,Ethan Wilson
78901244,Audrey Thompson
89012355,Levi Davis
90123466,Amelia Smith
01234577,Lucas Anderson
12345688,Grace Martin
23456799,Alexander Johnson
78901245,Samantha Thompson
89012356,David Davis
90123467,Ava Smith
01234578,Isaac Anderson
12345689,Abigail Martin
23456800,Jack Johnson
34567911,Lily Garcia
45678922,Samuel Hernandez
56789033,Emily Adams
67890144,John Wilson
78901246,Sofia Thompson
89012357,Christopher Davis
90123468,Avery Smith
01234579,Andrew Anderson
12345690,Elizabeth Martin
23456801,Daniel Johnson
34567912,Lincoln Garcia
45678923,Mia Hernandez
56789034,Grace Adams
67890145,Matthew Wilson
78901247,Ella Thompson
89012358,Alexander Davis
90123469,Noah Smith
01234580,Aria Anderson
12345691,Liam Martin
23456802,Sophia Johnson
34567913,Oliver Garcia
45678924,Ethan Hernandez
56789035,Hazel Adams
67890146,Lucas Wilson
76146980,Sebastian Fonseca
72734324,Jose Lozada
72483732,Dayana Paz